CANAL_VENDA,FATURAMENTO_TOTAL
1000,277330.44
2000,24662.82
2001,3896.68
2002,611.48
2003,518.79
3000,218263.38
4100,54178.13
4201,238.91
4300,90717.28
4400,219.67999999999998
4401,14307.04
4402,60.980000000000004
4500,2826.89
4600,18996.1
7300,2823.1600000000003
