CANAL_VENDA,FREQUENCIA_MEDIA_MES
1000,4.183767311155534
2000,2.2904876343340934
2001,2.105769230769231
2002,2.388888888888889
2003,2.125
3000,2.059827187164583
4100,1.894490386867981
4201,1.0
4300,2.2100539837810587
4400,1.0
4401,1.6696248475466742
4402,1.0
4500,2.9270833333333335
4600,2.023895621921938
7300,3.3125
