CANAL_VENDA,GASTO_MEDIO_MES
1000,69332.61
2000,6165.705
2001,974.1700000000001
2002,203.82666666666668
2003,129.6975
3000,54565.845
4100,13544.5325
4201,119.455
4300,22679.32
4400,109.83999999999999
4401,3576.76
4402,30.490000000000002
4500,706.7225
4600,4749.025
7300,705.79
