ANO_MES,Detrator,Neutro,Promotor,TOTAL,NPS
2025-01,1681,607,562,2850,-39.26315789473684
2025-02,1583,493,496,2572,-42.262830482115085
2025-03,1803,592,565,2960,-41.82432432432432
2025-04,1696,571,561,2828,-40.134370579915135
