ANO_MES,VALOR_VENDA,COD_CLIENTE,TICKET_MEDIO
2025-01,179662.76,2850,63.0395649122807
2025-02,154905.96,2572,60.22782270606532
2025-03,192822.76,2960,65.14282432432432
2025-04,182260.28,2828,64.44847241867043
